"Which day eventually became the official day of Mexican Independence?",conversational
"Do opinions differ on the numbers for that population is considered not a part of the mainstream",conversational
"What year did May of the Thousand Days come out?",conversational
"What are aspirated consonants in the Asian language?",conversational
"Who is often listed amongst the world's worst offenders when it comes to human rights?",conversational
"Automobile transportation is primarily used in what areas of London?",conversational
"What are too technical to sit well in \"history of science\" programs?",conversational
"What group makes up a minority of the privinces population?",conversational
"In what state's supreme court was State v. Santiago not decided?",conversational
"Who ruled the Franks in the 700's?",conversational
"Who was given the grandiose title?",conversational
"Does summertime gets weather hotter than 90 degrees?",conversational
"In what year did the Union Forces capture New Orleans?",conversational
"Outside of employment, what is the other main issue that affirmative action focuses on?",conversational
"Professor Skousen left what position in 1988?",conversational
"How tall are the mountains in New Hampshire?",conversational
"What written tradition was maintained in early literature?",conversational
"Where is the highest point in the British Isles?",conversational
"Which organization has not had corruption in the educator sector?",conversational
"How many new parks have been created in Paris since 1977?",conversational
"Where was dominant theory created?",conversational
"what type of climate does the eastern great plains fall into?",conversational
"What philosophers placed revelation above reason?",conversational
"What is not distinctive about the biretta of a cardinal?",conversational
"Who was ordered by the senate to become commander in the conflict with King Mithridates?",conversational
"What does grey-box testing involve?",conversational
"What type of person embraces all aspirations towards a true or essential identity?",conversational
"Who was not the chief official of the university?",conversational
"What does the Unnecessary and Proper Clause do? ",conversational
"Who erected a number of large stelae in pre-Christian times?",conversational
"What declined after the fall of the Holy Roman Empire?",conversational
"How many jobs in 2008 in Greece were not related to the tourism industry?",conversational
"What does God use Jehovah's Witnesses for?",conversational
"In what year had the previous library been built?",conversational
"What is the national capital of India?",conversational
"What is the name of the travel magazine sold by The Times?",conversational
"What was eventually restored by the TA?",conversational
"Which government awards the Order of the Chrysanthemum?",conversational
"On what did the Vedanta school lessen focus?",conversational
"Which country was administering forced abortions?",conversational
"What treaty put Palermo under Austrian rule in the 17th century?",conversational
"Who is stated as a jack of all trades in service to Fr\u00e9d\u00e9ric?",conversational
"Who carried the castle?",conversational
"In what year didn't Belgrade fall to the Ottomans?",conversational
"What plan did the DoD release in 2005?",conversational
"What is an integral part of the Alpine economy?",conversational
"What material wrinkles easily?",conversational
"How are genes transferred to a plant by scientists?",conversational
"What name did the Anglo-Saxons give their settlement first?",conversational
"What is a Greek royal palace called?",conversational
"What date was the charter regarding Southampton's tax farm signed at Orival?",conversational
"What was Queen's 1984 Christmas song called?",conversational
"What person gave up New Amsterdam to the English?",conversational
"What is the final sequencing goal of sequencing diploid cotton genomes first ?",conversational
"What was the combination of Hauptschulen with Realschulen and Gesamtschulen not called in Berlin?",conversational
"Who was the IBM ceo in November 2008?",conversational
"Where did the Detroit Drive play their home games?",conversational
"Arthropods and cephalopods have brains that come from a pair of what?",conversational
"In what year was the Eton Manor Boys' Club established?",conversational
"What industries is Brasilia trying to encourage?",conversational
"If someone where to recall a wedding they had went to a year before, which type of memory would be used?",conversational
"What group seems to have changed the most through evoulution?",conversational
"Which agreement did Japan sign to join the Galileo project officially?",conversational
"What was filtering the crowd noise when Braun was giving a speech?",conversational
"When did Valencia C.F. win the UEFA Cup?",conversational
"What punishment is a human rights violation per the US state Dept?",conversational
"In which language is the Quran spoken during prayer?",conversational
"Which thriller film did Beyonc\u00e9 star in with Ali Larter?",conversational
"Where is the ACC headquarters?",conversational
"What type of game that the players rank or standing depend on?",conversational
"What types of music did the Swingle Singers implement instrumental emulation for?",conversational
"What are community serving NPOs focused on?",conversational
"In 2010, what percent of Alaska's population live in a city or CDP?",conversational
"What percentage of the black population thought affirmative action should not be abolished?",conversational
"What do French historians commonly call the Age of Enlightenment?",conversational
"Where did NBC correspondant Kelly O'Donnell attend school?",conversational
"Which soda company did not want to sponsor American Idol?",conversational
"In 1982, what is the name of the editor who replaced the previous editor of The Times?",conversational
"Storyboards and what are thought to be comics by all?",conversational
"What is the Skullcap that orthodox men wear known as?",conversational
"What is the name of the college in Cork?",conversational
"Who produced the song \"Roland\" in 1984?",conversational
"What was China's population at the end of the 18th century?",conversational
"When did the Chalukya Empire rule?",conversational
"What year did Positivism end?",conversational
"What is one of the effects of diarrhea?",conversational
"Who was taken to the hospital after the top nine show?",conversational
"What was the hardware manufactured by third parties for Apple's System 7 known as?",conversational
" What is one of the threats that didn't faced them?",conversational
"What policy was established in April 1927?",conversational
"Who might participate in a love triangle story? ",conversational
"What US President negotiated a truce with France to end the undeclared war at sea?",conversational
"In their pursuit of more money and power, corrupt dictators often ignore what?",conversational
"What was the richest of all the dynasties?",conversational
"Where did Yaroslav build his Cathedral?",conversational
"What area does the five points of Calvinism focus on?",conversational
"Who operated under the name \"PAMOC Augmentation Team?\"",conversational
"Who appoints a judge?",conversational
"Along with Cyprus, what other major signatory official protested the immunity of others from the prosecution of reservation?",conversational
"Who coined the term prime minister?",conversational
"Which two cities are served by major airlines?",conversational
"What purpose does the CJIS serve?",conversational
"What compression algorithms provide higher compression at the cost of fidelity?",conversational
"What would happen if rubber wasn't produced in Samoa?",conversational
"What finally beat Idol in the ratings during season nine?",conversational
"The principle of maximum effectiveness interprets the language of treaties as having what effect to establish obligations between parties?",conversational
"Which three groups did the early Triassic period consist of?",conversational
"What type of scattering is responsible for the shift in the color of sunlight?",conversational
"For what does Beyonce receive praise?",conversational
"What was recognized as the original home of Oliver music in 2005?",conversational
"What writing was considered a bridge between two other major writings?",conversational
"May was a former member of what music group?",conversational
"Was Athanasius well liked by everyone?",conversational
"What are the constituents of Class 2 transposable elements?",conversational
"When paired with any other allele for the same trait, what do dominant alleles give rise to?",conversational
"What department store wasn't taken over by Nicolas Berggruen in 2010?",conversational
"What wsas the satellite internet growth rate as of 2009?",conversational
"How long were the units in inches of the Mohenjo-daro ruler?",conversational
"Where does the ideology of China's main political parties come from?",conversational
" What congressional declaration gave President Johnson authority to send troops to China?",conversational
"What was the ethnicity of the Kalb tribe?",conversational
"At what cool temperature is a beers flavor reduced?",conversational
"How many Curonians were left behind after many immigrated to West Germany in 1958?",conversational
"Who had the opportunity to regain their former power in the 1200's?",conversational
"What effects the function of signals received by an antenna?",conversational
"What is the biggest employer in Europe?",conversational
"Why was the Royal College of Chemistry founded?",conversational
"In very few cases, the ancestors of hunter-gatherers were what?",conversational
"Adjusted for inflation, how many dollars were awarded to Bell alongside the Volta Prize?",conversational
"When did Alfonso XXII reach Valencia?",conversational
"What was the party a member of before 1923?",conversational
"What year was a Gothic hammerbeam roof stolen on the Archbishop of Canterbury's residence?",conversational
"What genre did the music of Billy Ocean belong to?",conversational
"What was launched in 1956 by the business school at KU?",conversational
"What do Australian citizens need in order to talk about Norfolk Island?",conversational
"What did the Bush administration describe as heroic?",conversational
"Where did Norman Holmes Pearson work after Yale?",conversational
"What is the favorite fruit that is part of Armenian-style barbecue?",conversational
"Eastern Armenian has a two-way distinction between what?",conversational
"What is it called when Iraq was criticized for their military budget to stop a threat?",conversational
"When did Burke leave the Whig party?",conversational
"What do present day Benedictine Order associates do?",conversational
"In what decade was Westinghouse established?",conversational
"Which famous scientist resolved these issues?",conversational
"For what is the Huxley prize awarded?",conversational
"How much of the planet's asphalt is located in Canada?",conversational
"In what type of religion are canon laws applicable?",conversational
"When did classes first begin at Washington University?",conversational
"Why did Shell sell some of its assets in March 2010?",conversational
"What vegetation helped populations expand?",conversational
"What does the desert have to overcome?",conversational
"How did Frederick respond to the Russian occupation of east Prussia?",conversational
"In what case did the supreme court of California, throw away warranties and strictly impose liability for defective products?",conversational
"Who was Ireland's first female president?",conversational
"What started about 3000 years after copper smelting was discovered?",conversational
"By what century had almost all churches begun celebrating Easter according to the Alexandrian Easter?",conversational
"When did Miss America Sharlene Johnson graduate?",conversational
"Into how many groups are Germanic languages usually split?",conversational
"How many subtypes does ST-elevated MI have?",conversational
"In what year was Nigel Winterburn's last game with Arsenal?",conversational
"Traveling which direction in time has never been verified and presents many problems?",conversational
"The Kukuburra suburban railway is located where?",conversational
"Where is the National Museum of Natural History located?",conversational
"What is the oldest way to study migration?",conversational
"What worship system is central to Hinduism?",conversational
"What is the name of the general that lead British regulars to New Haven Harbor?",conversational
"What does the Avicenna Directories exclude?",conversational
"References to whose material can not be found anywhere in the film?",conversational
"When did individuals self-identify as belonging to a particular ethnic group?",conversational
"India refused China's request that the Tibetan exile community be avoided because they said India is what?",conversational
"What did English Wikipedia want to expand in 2011?",conversational
"What did later Romans invest in rather than grave offerings?",conversational
"What group helps German mine cleaners fix homes?",conversational
"What type of drugs can worsen an infection when it attacks the body?",conversational
"Who handled distribution in the other region?",conversational
"What year were the boundaries for the state-run tourism district finally set?",conversational
"What was the receiver in the initial model?",conversational
"Where were universities able to communicate with each other at the fair?",conversational
"What program monitors progress toward improved sanitation?",conversational
"Other than at \"Nanjing 1912\", where else are there a lot of bars?",conversational
"What football team is based in Bern?",conversational
"In what year was Paulton established?",conversational
"Which renewable energies do not acquire their energy from the sun?",conversational
"Where did many Jewish refugees want to move because of the Holocaust?",conversational
"What did the Manchu's make all the men in the city do?",conversational
"What promotion in the USAF is governed by a formal selection process?",conversational
"What concern did Hills raise about police models?",conversational
"Which country held the 1 July 1991 meeting to dissolve the Warsaw Pact?",conversational
"What university was founded in the 18th century?",conversational
"In which publication was cartoon first used to describe gag single-panel illustrations?",conversational
"What organization made their own estimation in 1995 of a drop in traffic deaths by 1.2%?",conversational
"What did the Harmonised Index of Consumer Prices state that price stability had to be maintained at?",conversational
"What type of buildings were took the most effort to build?",conversational
"What is used to make thwon?",conversational
"What did experiments with molecules attempt to detect on the Earths orbit?",conversational
"How many students were disabled in Xinhua?",conversational
"What form was the evidence of ancient cultures discovered in ?",conversational
"In what year did Southampton's fourth cruise terminal open in the western docklands?",conversational
"Who can be assigned a contract to enforce a copyright in some jurisdictions?",conversational
"When was the Zliten mosaic discovered?",conversational
"To which critic does Michael Sells refer on the subject of the Quran's organization?",conversational
"How was the state banned from supporting a Professorship of Divinity?",conversational
"Who was involved in the consultations?",conversational
"How long has Puerto Rico had representation in Congress?",conversational
"In what year was St. Louis Children's Hospital founded?",conversational
"What was the population of Detroit in 1950?",conversational
"what is the age of the oldest rocks in Europe?",conversational
"What is one reason the Actric colder than Antarctica?",conversational
"What composer has Steven Spielberg been associated with since 1974?",conversational
"What did the Air receive before other PC manufacturers?",conversational
"How can electric train be more energy efficient?",conversational
"What was built near Morovic for Tito to use in the event of his recovery?",conversational
"How were the Marshal and Constable of France informally classified?",conversational
"Where are you able to watch the new series when it is released?",conversational
"Where does Interstate 805 split from I-5?",conversational
"Agreements between UK Restrictive Practices Court and the Premier League have been accused of being what?",conversational
"How do the two Catholicosates compare?",conversational
"To what did English Chief Justice Sir Edward Coke compare the law?",conversational
"In elections, what is Montana considered?",conversational
"What does the ski-jump ramp prevent a unloaded and fueled aircraft from doing?",conversational
"Why did they decide against deleting all the code?",conversational
"What is the federal government is not required to pay for?",conversational
"The presence of whom in the French \"lodges of adoption\" formed in the 1780s was die to the close ties shared with aristocratic society?",conversational
"When did Lieutenant-Governor of New South Wales Francis Grose start suggesting Norfolk Island be closed as a penal settlement?",conversational
"What was shown at TGS 2007 to appease the French market?",conversational
"In what year did the Fourth Crusade occur?",conversational
"What does an upstream ISP provide for customers?",conversational
"What Spanish outposts was there west of the Philippines?",conversational
"Where was Goa?",conversational
"In what year did Dominic order his followers into an institutional life?",conversational
"Which company manufactured cameras in Ann Arbor from 1936 to 1960's?",conversational
"What was the name given to the 20th century Great British revival Georgian architecture.",conversational
"What god was introduced in Rome in 138 BC?",conversational
"Who was allowed to wear gamrents dyed with Tyrian purple in ancient Rome?",conversational
"What do they want to impliment in 2016?",conversational
"What is the motto of the New York City Fire Department?",conversational
"The junior commissioner makes a statement after whom?",conversational
"A treaty might be considered what if it's considered unenforceable and void under international law?",conversational
"What famous inscription mentioned Armenia?",conversational
"What language began to supersede Catalan?",conversational
"What is Mr. Hinx's job?",conversational
"What was the geothermal capacity in 2008?",conversational
"What did renaissance writers question?",conversational
"Airburst fuses could be which two things?",conversational
"Who did the Emperor give the place of honor at his left to?",conversational
"What did Lisa post on her blog?",conversational
"What historic landmark is located on the Pier?",conversational
"What did the banks chose to do with the money created by the Federal Reserve instead of financing more domestic loans and refinancing mortgages?",conversational
"What is a speaker elected by?",conversational
"Who believes many Jewish males did not find new mates from European communities?",conversational
"What bird do leapard seals feed on?",conversational
"What Arabic and Persian poetry dates to the 700's?",conversational
"Who is the founder of Hasidic Judaism?",conversational
"What is a factor that determines body temperature?",conversational
"How many people died in the bombing of Hamburg?",conversational
"What month in New York City is the coldest?",conversational
"What is the name of the feature that allows users to download games from Live?",conversational
"What were Indigenous Americans immune to?",conversational
"On what date did William V die?",conversational
"If a site prevents Internet Archive from recording it, what file is still saved?",conversational
"What party did Michael Foot become a leader of?",conversational
"Who opposed the named \"Brigham Young College?\"",conversational
"Who started construction of a 40,000-tonne Vikrant-class carrier in 2009?",conversational
"What protocol do intermediaries use that exclude a torrent tracker?",conversational
"What ended in 1878?",conversational
"How old are rock drawings in Valcamonica?",conversational
" Why did the prophet Muhammad esteem men in Medina?",conversational
"What papers give the best optical density?",conversational
"Do bacteria have membrabe-bound organelles in their cytoplasm?",conversational
"\"Near East\" applied to this mainly known area",conversational
"A few of the sutras for Mahayanists became a manifestation of who?",conversational
"What format was less common but could sometimes be found on home stereos?",conversational
"How does the University Library rank among North American university libraries?",conversational
"What culture did the Inca fear the most?",conversational
"When did the issuance of CDO peak?",conversational
"As it pertains to violent crimes against targeted groups, what is the ultimate motivation within the actions of genocide?",conversational
"What are polytechnic divisions of national universities called in Canada?",conversational
"What was the role the union was intended serve?",conversational
"Who opposed Aboriginal rule in Apartheid South Africa and Rhodesia?",conversational
"Do official political parties exist in a nonpartisan system?",conversational
"What action is mandatory by the Orthodox Greek Church to Freemasons?",conversational
"Does Raleigh have alternate high schools?",conversational
"What percentage of 12-17 year olds claim to have at least one social networking profile?",conversational
"Who was the last to utter this quote \"Life did not take over the globe by combat, but by networking.\"?",conversational
"How long were cities without electricity in June 2012?",conversational
"In what year was the Government of church reinstated? ",conversational
"Which campus did Internet Archive adopt 2009?",conversational
"Which animal was similar to the North American cougar?",conversational
"What is bariis in English?",conversational
"Who issued the copper tokens in 1821?",conversational
"Rational emotive behavior therapy is an approach used by what psychotherapy schools?",conversational
"She transmit her avant garde style to which audience?",conversational
"What story was the last \"tragic octoroon\" character in?",conversational
"How fast was Jehovah's Witnesses growing in the mid-1990s per year?",conversational
"What are the traditional forms of living employed by Tuvaluans?",conversational
"When did short films from TCM begin to stream on TCM's website?",conversational
"What are two cities associated with the formation of Egyptian culture?",conversational
"Why does the Georgian party want to increase support to political parties?",conversational
"What type of economic system did the socialists want to avoid?",conversational
"In what year was Paul Vi's final counsel session?",conversational
"On what aspect did Black Enterprise Magazine name Comcast a top 15 employer?",conversational
"Who established 1 of the first Us settlements in Florida ",conversational
"Who had Oliver North been supporting?",conversational
"What problem did the hardware modification cause with later games?",conversational
"What religious group was not allowed to settle in South Carolina?",conversational
"At the start of the war, how many German troops were focused on the French frontier?",conversational
"How long were the Cubs ran under the Wrigley family?",conversational
"At what university was it arranged for Von Neumann to enter a chemistry program?",conversational
"Which religious belief is most prevelant in Swaziland?",conversational
"In which verbs in Czech is the action the verb describes still ongoing?",conversational
"Where then does the elevator go?",conversational
"who organized large building projects?",conversational
"According to census result, there was the greatest decline in people claiming what ancestry?",conversational
"What happened to people with Lomotil when treated with anti diarrheal medication?",conversational
"On what date in 1949 did Chengdu fall to the communists?",conversational
"What symbol set has the property of being unintentionally unequivocal?",conversational
"How many square miles is Saint Helena?",conversational
"The monarch does not have a right to call for a referendum according to which article?",conversational
"What was the Pacific War theater part of after December 1941?",conversational
"How many times have the Leeside Lions lost the Australian Rules Football League?",conversational
"When was migration finally accepted?",conversational
"When did Hyderabad become important culturally in India?",conversational
"What School of Medicine is ranked first in the nation?",conversational
"In what year did Kelvin MacKenzie become editor of The Sun?",conversational
"Who wrote the novel Stover at Yale?",conversational
"What was the name of the Mexican general who attacked an African city in New Mexico?",conversational
"What color of clothing were merchants that had registered with the state forced to wear?",conversational
"Of what city was he bishop?",conversational
"How long did germans have to relocate from the baltic states before the amendment of secret protocols?",conversational
"When did commercial sea hunts on Norfolk Island stop operating?",conversational
"What plant was used to make the most used red dye in Venice?",conversational
"What gives the identity of a?",conversational
"Humans consider most insects as what?",conversational
" Which building became the second university skyscraper in the U.S.?",conversational
"Where is the top unit for the kilometer kept?",conversational
"What did English players do after the ban?",conversational
"Along with dogcatcher, what political job did Eisenhower specifically not want to be considered for?",conversational
"What excuse did Napoleon use to avoid being assigned to an infantry command?",conversational
"What was the name of the possible descendants of J\u014dmon?",conversational
"What is a problem one might encounter when using a portable antenna?",conversational
"Other than speakers and headphones, what other piece of equipment affects the listener's perceived quality?",conversational
"What piece by Mozart is used as a cliche to convey refinement?",conversational
"What was Arsenal's motto prior to 1949?",conversational
"Which system had electrical tracking?",conversational
"What company made the U-2?",conversational
"Who assassinated the German diplomat Eduard Ernst vom Rath?",conversational
"Which national news-based programs are based in Melbourne?",conversational
"What was written in 1897?",conversational
"What recognition did Austria bestow on Popper in 1986?",conversational
"Who did Rao conquer in 1758?",conversational
"What seperates Asian andAustralian species?",conversational
"What was the name of Sony's CD ROM?",conversational
"What changes did Microsoft make to its certification requirements in March 2013?",conversational
"What instrument is involved in all of Chopin's work?",conversational
"When did CAR ask for assistance from the French against rebels?",conversational
"What was Keith Urbans position on American Idol in its fourteenth season? ",conversational
"What nearly was known as the original 'Christian faith'?",conversational
"What were the areas at the center of an old sheet of glass called?",conversational
"Which Prussian territories joined Thuringia in 1942?",conversational
"What parts of Oklahoma are in a humid subtropical climate?",conversational
"Why did Justice Secretary Jack Straw begin the Masonic closure law?",conversational
"What is the purpose of intermetallic phases?",conversational
"In what year was Citizens for Democratic Rights formed in Eretria?",conversational
"What did King George IV originally make the structure to be?",conversational
"When did another military coup overthrow Buhari?",conversational
"What important networks is it the function of Cyberspace support to protect?",conversational
"Which interface did Apple introduce that was capable of being operated by an Apple Remote or keyboard for accessing media stored on the computer?",conversational
"What kind of cup did the woman on the scarlet horned beast have?",conversational
"Who was Banasur's murderer?",conversational
"How many institutions of high school did Russia possess in 1974?",conversational
"Why were many killed in Underground Stations?",conversational
"What is the name of the parking meter system in Mexico City?",conversational
"What are some common sizes never used in the home or office?",conversational
"From which jhana did Buddha gain bodhi?",conversational
"What type of items are usually found in Baragu?",conversational
"What did the English Dominicans hope to do within the Order?",conversational
"What is the literacy rate of Hyderabad?",conversational
"What does Tuvalu feel its position to be in climate change?",conversational
"In 2000, what did commentators refer to as blue states?",conversational
"What movie demonstrates the operation of department stores in the former Soviet Union?",conversational
"Where has the bacteria E. coli been found to be sequenced?",conversational
"What was rebuilt after only nine months?",conversational
"What had Kerry expected the 'swift boats' to do?",conversational
"When does the Royal Institute's Guide indicate the last RIBA Board was established?",conversational
"Who made the Apollo Belvedere?",conversational
" What is a popular use for non-LED lighting?",conversational
"What was the difference that made American cotton preferred over Indian cotton?",conversational
"What New Haven gallery is housed in the Erector Square complex located in the Fair Haven neighborhood? ",conversational
"Who wrote The Refutation of Idealism?",conversational
"What leader did Nasser applaud?",conversational
"What part of the organism is usually created which becomes a developed genetically altered organism?",conversational
"What did DC Sinclair and G Weddell propose a property of all skin fiber endings is?",conversational
"What route now ends in Blackpool?",conversational
"What two groups are supported by Triskel Christchurch?",conversational
"Which Estonian football club competes in the EuroCup?",conversational
"What does the constitution guarantee when it comes to religion?",conversational
"Before switching to its current publication schedule, how often was RVA Magazine published?",conversational
"What is the surface area of the Sahara Desert?",conversational
"What does development anthropology involves doing a lot of?",conversational
"In what area is the town of Nagour the largest city?",conversational
"What was the population of the Ottoman empire at the beginning of the 17th century?",conversational
"What did the Japanese military leadership think the chances were of complete military victory ove the United States?",conversational
"What did the Parliamentary members yell as the relay passed?",conversational
"What method was replaced by Aristotelian method of induction?",conversational
"What party did Brennan belong to?",conversational
"When did this push occur?",conversational
" When did regular broadcasting of BS-8ch start?",conversational
"Who created Afro Samurai?",conversational
"What example inspired much of a new Swiss constitution providing for a federal layout?",conversational
"How many times have Premier League teams been runners up in the World Cup?",conversational
"How much space is World Trade Center 4 projected to have?",conversational
"By which century had London started becoming a prominent capital city?",conversational
" What population figure needs to be passed to add at small council members?",conversational
"Who is the core clinician?",conversational
"What law states that infrared radiation is emitted by objects based on temperature?",conversational
"How many metric tons of uranium oxide was used in Chicago Pile-1?",conversational
"When was Burke taken to trial?",conversational
"To what movement was the task of spiritual leadership passed?",conversational
"What percentage of Japanese warships were sunk by U.S. submarines?",conversational
"What was the name of the album she released in 1983?",conversational
"Where is Ireland's Supreme Court seated?",conversational
"Which writers helped to influence the post-punk movement?",conversational
"Who were not identified by name on the census before the civil war?",conversational
"Who owns the trademark to I \u2764 NY?",conversational
"What is the Greenpeace logo?",conversational
" What was John F. Kennedy's support of the President based on?",conversational
"What was Kant's influential work on the history of the philosophy of space and time titled?",conversational
"What did Asia migrate towards?",conversational
"A light is classified by intended purpose, what mainly changes its classification?",conversational
"What is a common damage to vinyl records?",conversational
"What was the guiding ideal of translators throughout the 14th century?",conversational
"Portuguese law continues to be a major influence for what?",conversational
"What do some a cappella groups use instead of chordal accompanyment?",conversational
"Why are the Non-OTG compliant devices not allowed to use the micro-AB receptacle?",conversational
"In the top five largest urban areas in California, where does San Diego rank?",conversational
"What authority was never involved with UNFPA?",conversational
"Is wood production of a tree lessened or increased as it ages?",conversational
"What principle states that when two prey species have small populations they will compete with each other?",conversational
"What other close by countries have been greatly influenced by the Greek way of life ?",conversational
"What has made the state change very rapidly?",conversational
"What can cause a person to have fake senses?",conversational
"Why have these recent immigrants had trouble becoming permanent residents?",conversational
"What decided where the bank was to be bombed?",conversational
"What was the October War?",conversational
"Who can decline a previous play?",conversational
"Who allowed industrialists to become officials in the newly state sanctioned industries?",conversational
"How old is the city of Palermo?",conversational
"Is it OK to drink alcohol while taking any antibiotic?",conversational
"G is considered marginal but not considered what?",conversational
"What mandolin is not associated with Bluegrass music?",conversational
"Where is the largest center for British art, UK not included?",conversational
"What does Link assist Midna in collection?",conversational
"Who are appointed within the Duchy and County Palatine of Lancater?",conversational
"What do circadian rhythms put at a selective disadvantage in evolutionary terms?",conversational
"What year did this ruling happen?",conversational
"What does the British-Irish Council discuss?",conversational
"What territory's constitution says \"The death penalty shall not exist\"?",conversational
" Who provided for his judgement while he was in Rome?",conversational
"Who is the main character in Taxi Driver?",conversational
"What was the name of the first British settlement in what is now Tennessee?",conversational
"What did the synthpop style of music benefit from the gaining popularity of?",conversational
"What prominent business professor has been heavily influenced by Whitehead?",conversational
"When was Morrisania created?",conversational
"What is the name of the bay along the southwest coast of Burma ?",conversational
"Where is the  annual Charleston Fashion week held?",conversational
"How did Karen Rodriguez audition for American Idol season ten?",conversational
"What type of modifications been added to the Philippines Constitution? ",conversational
"How were customers disadvantaged by the Philips and Sony merger?",conversational
"The imaginary audience and personal fable peak at what age?",conversational
"Under what circumstances does a monarch typically use the royal assent?",conversational
"What focuses on explaining the group's actions? ",conversational
"In what year did Sherlock Jr. replace  Funday Night at the Movies?",conversational
"What agenda has been changed at least 218 times?",conversational
"Under which brand was Radar Princess for the Nintendo Wii published?",conversational
"How many Federal Reserve Banks exist in the United States?",conversational
"What was carried from medium wave transmitters to telephone lines?",conversational
"Which century produced the seven readings selected by Ibn Muj\u0101hid?",conversational
"What significantly increased the magnates wealth?",conversational
"When did shootings peak in the city?",conversational
"Which typically has thicker skin, dogs or wolves?",conversational
" What color were cartridges produced by Nintendo for external use?",conversational
"Which dialect is the language of Germany?",conversational
text,label
"Where was London printing of The Sun moved to?",conversational
"Where in the Code of Canon Law does it say that wine must be natural and not corrupt?",conversational
" What year was Northwestern destroyed?",conversational
"What, in nature, is most likely to make things green?",conversational
"What percentage of it's GDP was spent on defense in 1984?",conversational
"Power then passed a political coalition headed by who?",conversational
"On what date did IndyMac fail?",conversational
"How many storms hit Florida from 1851 to 2006 ",conversational
"Who was the business named for in Beyonce's family?",conversational
"What is the longest Old English work?",conversational
"Which biographer described her song \"I'll Remember\" as trying to clean up Madonna's image?",conversational
"What keeps being debated in Germany?",conversational
"Low insect sounds are made by the insect's what?",conversational
"In hectares, how large is the Kathmandu valley monument buffer zone?",conversational
"What is BSAR-2 a strain of?",conversational
"What popular Canadian sport event overtook hockey viewership in 2004-2005?",conversational
"How many additional leisure venues are run by Council executives?",conversational
"Apart from cutting the frequency fidelity in half, what else was cut in half?",conversational
"What is the most commonly spoken non-English language at homes nationwide in the U.S.?",conversational
"After the land was claimed for Spain, how many years passed before the settlement of Atlanta began?",conversational
"Along with pyrometers, what devices can receive inaccurate results if emissivity is not set correctly?",conversational
"How many same PS3s can one user access?",conversational
"What model did Murray Gell-Mann oppose?",conversational
"What did France retain in India?",conversational
"Who was the First Crusade led by?",conversational
"Which language is associated with the eastern branch of Iranian?",conversational
"Who told Hayek he should begin reading Hugo de Vries works?",conversational
"Where can the direct object of the noun be found?",conversational
"Who replaced Lord Rosenbery after only a year of government? ",conversational
"What political leaning does Mexico City take?",conversational
"Which publication published a report about the Chinese rallying against media bias?",conversational
"What area did Cornwall dominate in the British Isles?",conversational
"What can happen if a doctor doesn't prescribe to a person's traveling?",conversational
"Greek Muslims were in a population exchange with what country?",conversational
"When did Darwin begin attending university?",conversational
"What Egyptian party dismissed Nasser's popular appeal?",conversational
"What can help a switch work more efficiently?",conversational
"What was the title of Deep Purple's 1980s reunion album?",conversational
"What does cabin pressure control do? ",conversational
"What disease often affects the heart, skeletal muscles, pancreas, or thyroid?",conversational
"Hawaii lays far to the north east in what ocean?",conversational
"What usually happens when two or more wrestlers are involved?",conversational
"What type of damage was dealt to the industrial equipment?",conversational
"What epidemic resulted in numerous deaths between the 1830s and 1870s?",conversational
"Britain competed with which country to fill the Asian power vacuum in the 19th century?",conversational
"What is taught through a hifz class or set of classes?",conversational
"Who did Austria feel threatened by?",conversational
"What sort of capacitors are used on the second winding of a squirrel cage motor?",conversational
"What did the query starter believe had been done by Mary's direct  maternal line that contradict the conception theory of immaculate for Mary ?",conversational
"In 1919 what school opened in Weimar, Germany?",conversational
"Which presidents have tried to decrease the power of the presidential office?",conversational
"What century was the majority of the Navicella mosaic destroyed?",conversational
"What was this air battle called?",conversational
"What mraines are formed when two ice sheets meet?",conversational
"What two scholars were instrumental in teaching Sanskrit to the lower class? ",conversational
"What album did Madonna released in April 2010?",conversational
"In the original plan where should western end buses stop?",conversational
"When did de Sabbata and Gasperini write?",conversational
"What is the name of the Washington University sports teams?",conversational
"Who wouldn't claim Lithuania under their political umbrella?",conversational
"What does attaching a zinc disc to a ships iron rudder do?",conversational
"How many awards did Beyonce take home with her at the 57th Grammy Awards?",conversational
"What happened to the Clarmac Company in 1917?",conversational
"Where was the Finnic Chud Tripe located curing this time period?",conversational
"What kind of segregation has the practice of translation had?",conversational
"What does Stallman think copyright served as a regulatory model for?",conversational
"The top 3 industries in Nanjing are?",conversational
"Which publisher is Marvel's biggest rival?",conversational
"EIC was leased back the land they held in British India by what part of the British goverment?",conversational
"What assumption that black-body radiation is what leads to an accurate prediction?",conversational
"Who preformed in the 1932-33 musicals?",conversational
"When was this style of lamp developed?",conversational
"What 1992 UN Resolution imposed sanctions on Libya for its refusal to hand over the Pan Am Flight 103 bombing suspects?",conversational
"Who is the director of the San Diego Symphony? ",conversational
"Which place hosts racetracks and is a casino?",conversational
"Who said \"the outline of the life must be true: birth, maturity, renunciation, search, awakening and liberation, teaching, death.\"?",conversational
"To be true architecture in Ruskin's opinion what should be done to a structure?",conversational
"What statement was replaced in her proclamation about the civil war? ",conversational
"The Fajr-3 missile uses what type of propulsion system?",conversational
"How many of the football clubs in the Premier League are based in London?",conversational
"When the colors were first worn, what team did Barcelona play?",conversational
"Why was Professor David Graeber hired during the strike?",conversational
"What was standard written Slovak partially modeled on?",conversational
"Where are the origins of Freemasonry?",conversational
"The time span that is counted as the non-classical for the Greeks is from eras ?",conversational
"How much natural gas is Egypt producing in a day?",conversational
" What is non-LED lighting more susceptible to than incandescent light?",conversational
"What was the goal of universal encyclopedias?",conversational
"Most people today describe their dogs as what?",conversational
"Arnold J Toynbee believed what?",conversational
"What was the wealthiest area during the Six Dynasties?",conversational
"What state notably executes 80% of those given the death penalty?",conversational
"What was used in first recordings of vinyl records?",conversational
"Which humans does evolutionary anthropology concern itself with the biological and cultural evolution of?",conversational
"Who discussed rumors of a mysterious \"MacIntosh\" project in 1983?",conversational
"What climate zone does Philadelphia fall under?",conversational
"What did the the Hongwu Emperor want to continue to promote?",conversational
"How many legislative assemblies are  held each year?",conversational
"Low-voltage AC overhead systems are not only for what?",conversational
" What is the name of Mambert's book?",conversational
" Along with anxiety, what is not an example of directionless emotion?",conversational
"What was Richard Scudamore's job?",conversational
"What was supposed to be the original release date for The College Dropout?",conversational
"Which Russian rocket carries passengers to and from the International Space Station?",conversational
"How many hairs on each baboon mummy did scientists study?",conversational
"What aren't contracts?",conversational
"Among who is patriotism declining?",conversational
"What was the last year that Elizabeth did a state visit in the Republic of Ireland?",conversational
"When was construction finished on the United Nations Headquarters?",conversational
"During which war did the Ukraine conquer the German Empire?",conversational
"What Anglo-Saxon king died in the 9th century?",conversational
"What effect does the shadow rain have on Tibet?",conversational
"What designation does BYU's Russian language program hold?",conversational
"Where does 14th Street begin?",conversational
"When were videos made available through the iTunes store?",conversational
"What feature made Wanamakers different from other stores at the time? ",conversational
" What design feature does a PMM motor lack?",conversational
"Who wrote Life on Earth, The Private Life of Plants, The Blue Planet, The Life of Mammals, Planet Earth and Frozen Planet?",conversational
"How many universities exicted across Europe by the end of the 1800's?",conversational
"How do people vote using the fan save?",conversational
"How can religious beliefs contribute to a person remaining in pain?",conversational
"What post did Lord Chatfield hold until 1940?",conversational
"What language was spoken by the Odrysians?",conversational
"What group settled in Iceland during this period?",conversational
"Where did this dynasty form?",conversational
"What group took tents and quilts to Wenchuan county?",conversational
"Who said many African Americans have NAtive American heritage?",conversational
"How many rooms does the largest hotel in St. Barts have?",conversational
"Which bird species was first driven to extinction by brown tree snakes?",conversational
"What is the ratio of yellow to green in green smoke?",conversational
"What does it mean to have the letters OU added to the ending of a males last name ?",conversational
"In France, what did historians find that they consider a irrelevant for comics?",conversational
"Why did the anti-miscegenation not insure that there was no interracial mixing?",conversational
"When was the Grand Service made?",conversational
"What are two other languages in the Finnic branch?",conversational
"Which LEDs are considered dangerous by a 2011 study?",conversational
"How many died from cholera in a 2008 epidemic?",conversational
"How many words long was Burke's history of England contracted to be?",conversational
"What additional influences were incorporated into neoclassical architecture by mid 18th century?",conversational
"Why was there a funding shortfall for the publishing of Princpia Mathematica? ",conversational
"What has non-traditionally been the distinguishing factor between poetry and prose? ",conversational
"What did System R work on to change the way data was stored?",conversational
"What describes meditative states exising before the Buddha?",conversational
"What affect did Matthews' opinion of the ease of Whitehead's works have on his interest in them?",conversational
"Who did Bishop Alexander baptize?",conversational
"What country's PC market was Dell unreliant on?",conversational
"What does the USB 3.1 standard increase?",conversational
"What did Leonardi Salvador write?",conversational
"What organization first began taking donations in 1975?",conversational
"Schwarzenegger was the spokesperson for the Special Olympic games held in what city in China?",conversational
"The area is viewed as what politically",conversational
"What were nine diseases examined for?",conversational
"How many mountain ranges is Tuscon surrounded by?",conversational
"What caused child labour to decrease in Vietnam?",conversational
"What month did Chopin's Pleyel piano arrive in Majorca?",conversational
"How many people visit Exmoor National Park each month?",conversational
"What other religious groups went to Islamic courts?",conversational
"How old was Anne when she gave birth to Mary?",conversational
"How many Green Standard Army soldiers  were on the Qing side?",conversational
" HDTV increases the effective image resolution by using what?",conversational
"When was 'From This Day Forward' released?",conversational
"Modern dogs likely began when human beings were considered to be what?",conversational
"What was the dominant sacred musical form in the early 13th century?",conversational
"Who gave Sir George  Airy extra data?",conversational
"Where do The Rock play their home games at?",conversational
"What helps to preserve ecosystems in the Appalachians?",conversational
"In the judgement, it is stated that the aim of the Genocide Convention, at its most simplest, is preventing the opinions of which victims?",conversational
"What did was the title of the pope before 1630?",conversational
"Who was sent as governer-general to the Spanish Empire?",conversational
"What is located in the vaulted undercroft beneath the monks' dormitory?",conversational
"What is the name of the popular album released by Des'ree?",conversational
"Who was initially opposed to the idea of creating the HDI?",conversational
"Attic Greek developed into what lingua franca?",conversational
"Which part of the Bible did Kerry find the most moving?",conversational
"What was Schwarzenegger's older brother's name?",conversational
"What political ideology did Nasser wholeheartedly back in 1961?",conversational
"What is one cause of dielectric gains in a capacitor?",conversational
"Humanity's closest primate relatives are the what?",conversational
" What is the third most intense storm on Neptune?",conversational
" Who broke the world record set by Jacobi's second motor?",conversational
"What village claims that it no longer has native Sanskrit speakers?",conversational
"Who dominated politics after 1435?",conversational
"What percentage of the vote did Schwarzenegger's opponent Bustamante receive?",conversational
"What was the first season in which England's qualifiers and friendlies were broadcast on ITV?",conversational
"What kind of systems did branches focus on?",conversational
"What is the dominant religion in Tibet?",conversational
"Who thought the force of Popper's remarks was impaired to the attention he paid to the conflict?",conversational
"Other than the $100 bill, which other note is not going to be redesigned?",conversational
"What journal was founded in 2018 that features articles by professors and law students?",conversational
"What did the Thonburi Technology Institute become after its name change?",conversational
"How many PureCell Model 400 fuel cells can be found in New Haven?",conversational
"How many active members were there in 1975?",conversational
"What name does the Boston School for Deaf Mutes go by now?",conversational
"What position do some popes currently hold?",conversational
"What are the variations in the text of witnesses known as?",conversational
"Who succeeded Vladimir Lenin?",conversational
"How many people could fit into Highbury?",conversational
"What is thought to have helped Greece's potential output?",conversational
"How many patients a year does the trust treat?",conversational
"In what parts of the New World do uncontacted peoples live?",conversational
"What was done after Amanda Todd's death?",conversational
"What religious group was in charge of Rome's sacred flame?",conversational
"What apparitions reportedly took place in 1917?",conversational
"What year was Gilbert awarded for his efforts?",conversational
"What is the Ortodox term reserved for Marian veneration?",conversational
"How many Soviet military members died within the first nine months of the war between the two countries?",conversational
"What were models pre-1946 labeled with?",conversational
"Who fought in the Heiji Rebellion?",conversational
"Which treaty was de facto disbanded during the 1989 violent revolution in Russia?",conversational
"Along with businesspeople, what sort of Somalis live in Sudan?",conversational
"How much more does a average commercial  turkey weigh in comparison to its wild turkey cousins ?",conversational
"Why are the presence of certain enzymes a sign of good health?",conversational
"Where was Oklahoma's first medieval fair?",conversational
"What does USB 2.0 High-Speed Inter-Chip eliminate?",conversational
"What type of bait do experienced anglers dislike?",conversational
"Who largely rejected the developments that led to the theory of conservation of energy?",conversational
"What video format support was added in 2009?",conversational
"How far away from the Confederate executive mansion was the Virginia State Capitol?",conversational
"What chemistry do hydrides serve as bridging ligands?",conversational
"Why did the Japanese have troops on Okinawa?",conversational
"When was Coral Way constructed?",conversational
"How many civilians were the Japanese hoping to kill during their planned attack on San Francisco?",conversational
"What is being built to control flooding in the Hubei province?",conversational
"What was Alsace's predominant religion?",conversational
"What is the market percentage held by the country that controls the biggest share of the global market for goose and guinea fowl meat",conversational
"What year did Diamond Comic Distributors team up with Marvel?",conversational
"What was the former name of the Doubletree?",conversational
"The push for monolingual instruction has been a success in what African country?",conversational
"In the 2010 season, how many teams drew an average of more than 13,000 fans per game?",conversational
"Where did Napoleon Meet Victoria and Albert?",conversational
"How many new data centers did IBM commit to building?",conversational
"What annelids' ears are being studied by engineers?",conversational
"The panel is eventually merged into what?",conversational
"Who issues requirement for hunting migratory waterfowl?",conversational
"What term describes the literally translated Indonesian versions of Dutch terms that have become standard?",conversational
"Between 2008 and 2009, which entertainers did Beyonce beat in earnings?",conversational
"To what does the new packaging have very different mechanical properties?",conversational
"What greatly increased the cost of paper in the 19th century?",conversational
"What are people with high quantities of Amerindian ancestry grouped as?",conversational
"How many citizens born in Cyprus also have parents who were born in Cyprus?",conversational
"When was Quanzhou taking over Xiamen's position as the main port of trade?",conversational
"For what did the college pay a substancial sum and donate 4.5 hectres of land?",conversational
"Who did The League try to force economic sanctions on?",conversational
"What is a secular folk music song in a capella.",conversational
"What event caused Billy Hughes to become Prime Minister?",conversational
"How was the House of Orleans and the British Royal family unrelated?",conversational
"In what decade was Gaddafi first accompanied by his female bodyguard?",conversational
"What lists 2,500 common characters?",conversational
"What shape was the Sixaxis final model in?",conversational
"What is the standard display resolution of the NES?",conversational
"How much area does the Somerset Coalfield cover?",conversational
"Unable to meet the conversion deadline, the CRTC took possession of how many of the CBC's analogue transmitters?",conversational
"What does paying property tax not guarantee?",conversational
"What is absolute according to the theory of relativity?",conversational
"IBM's operating margin in 2013 was what?",conversational
"What is the span of years of the Middle Triassic?",conversational
"What Bermuda sport team participated in the 2007 world cup?",conversational
"Gerhard is in what drug class?",conversational
"What other denominations are there in Raleigh?",conversational
"How many student graduate from the University of Houston per year?",conversational
"What did Emperor Haile Selassie seek to annex in the 1950's?",conversational
"How many people does Goodison Park stadium hold?",conversational
"What is something the public doesn't want the government to do to their finances?",conversational
"What year was Brian May's signature guitar made?",conversational
"What did Warming believe that plants can do?",conversational
"How many drugs were approved in 2007?",conversational
"What writing of Chopin talks about everything about piano playing has to do with proper fingering?",conversational
"Where did the state place on population chart?",conversational
"What word describes orthodox teaching?",conversational
"What South American country did Portugal discover?",conversational
"What political group has a disproportionately large number of Protestants?",conversational
"What were analog computers originally used for?",conversational
"Which doctor did the YSMU rename itself after?",conversational
"How much did 'War of the Worlds' earn?",conversational
"When were computers first used to coordinate information between many locations?",conversational
"What does the term \"prehension\" signify regarding an entities nonperceptions and nonrelations?",conversational
"Why were multiple holidays seized by the Catholic population?",conversational
"What did Al Gore announce was impossible for the Democrats to do to win in 2000?",conversational
"Which state has started to regulate the word \"nutritionist\"?",conversational
"What are content creation industries focusing on doing to aid infringement?",conversational
"What is a belembaotuyan in Guam?",conversational
"Where are rose windows never found in the facades of cathedrals?",conversational
"What is a common feature of passive solar architecture?",conversational
"What is found at Room 128a of the Victoria & Albert Museum?",conversational
"What was one of the defining ideological movements of the Twentieth Century?",conversational
"By 1212, John had successfully concluded alliances  with who?",conversational
"What is the minimum amount of external connection terminals to call an item a transistor?",conversational
"Why was Randall Ripley discredited as Speaker in 1883?",conversational
"When was Ronald B. McKerrow born?",conversational
"Did MUSE have a large or small target market, even in Japan?",conversational
"What is related to Women's artistic gymnastics and hop scotch?",conversational
"What violation can lead to a player being expelled from a sports team?",conversational
"How many cases did appellate courts receice in 2010?",conversational
"In Sumerian society, who oversaw the operation of the first formal schools?",conversational
"What hyphenated term did Musgrave coin?",conversational
"Outside of state funded schools, and funds coming from donors, how might a university collect funds?",conversational
"What Greek word is connected with mantis?",conversational
"What was the main requirement of seeking a trial in the Roman courts?",conversational
"What artist created the engraving Beer Street and Gin Lane?",conversational
"Who held that rationality is restricted  to the realm of empirical or scientific theories?",conversational
"What was teh fate of King Farouk after the coup?",conversational
"What is the most common kind of semiconductor?",conversational
"How much has the Red Cross Society  collected?",conversational
"Why don't poor countries go quickly?",conversational
"Which tribes brought down the Western Roman Empire?",conversational
"When didn't Minas Gerais get a cavalry regiment?",conversational
"What prevented the spread of angiosperms towards the poles?",conversational
"What 24-hour rapid transit system is in Philadelphia?",conversational
"What colony did Walter Raleigh found?",conversational
"Where, other than any Federal Reserve bank, can notes be redeemed?",conversational
"What feature is wanted to assist with reducing negative impacts of pesticides?",conversational
"Which big resorts are in Catalina Foothills?",conversational
"What special wooden utensils do many people use to eat Chinese takeout?",conversational
"Sir Edwin Lutyens' city planning in what city marked a shift in design?",conversational
"Where was the first showing of Spectre held?",conversational
"In what country did the World Council of Churches meet in 1968?",conversational
"Which company joined a 50/50 partnership with MCA in 1977?",conversational
"What was the population of Brasilia and its metro in 1960?",conversational
"How many citizens of Thuringia are over the age of 65?",conversational
"What populations did not have autonomy?",conversational
"What has the Brazilian media been accused of?",conversational
"What is the basic race of most people in Seattle?",conversational
"Which similar oil can asphalt be confused with?",conversational
"When did the Battle of Cape Finisterre occur?",conversational
"What was used to make tools in jewelry before Neolithic times?",conversational
"What was the official election slogan in the first Namibia election?",conversational
"Which game journalist was perturbed by a lack of voiced dialogue?",conversational
"In what year did Greece become a part of Rome?",conversational
"What notable Second World War commander disparaged Eisenhower for his lack of combat experience?",conversational
"Antennas with higher gain have what positive feature?",conversational
"What year was an additional 12.5 Billion Canadian Dollars assigned for over five years?",conversational
"In Australia, what percentage of non-passerine birds were partially migratory",conversational
"When did new cases of TB infection start going down?",conversational
"Most of what populations are Muslim?",conversational
"Who was not able to disperse the crowd that had gathered?",conversational
"What percent of Zhejiang was Protestant in 1999?",conversational
"Doubly fed motors have what advantage over single fed?",conversational
"The first private company to offer Hyderabad internet service began offering it in what year?",conversational
"Which airport was shut down?",conversational
"How long is the plan due to last?",conversational
"When do researchers transfer documents to the WNRC?",conversational
"What property is important to manufacturers who use \"second-growth\" hardwood?",conversational
"Who ruled Swaziland in the late 1970s?",conversational
"What is the first step in the human digestive system?",conversational
"What is another word for macroscopic?",conversational
"What two places did Taiwan not want to be considered equal with in the language of the torch's route description?",conversational
"What is the ISCII standard? ",conversational
"How many of the 50 largest US cities are in Oklahoma?",conversational
"Along with the Caribbean, from where does a significant amount of cargo enter MIA?",conversational
"What did Gary Kildall clone to create CP/M?",conversational
"What was Kanye's next album renamed again to?",conversational
"What company did Dell overtake as the smallest PC manufacturer?",conversational
"Where did St. Luke go after he died?",conversational
"What is a subset of a database called that can be accessed by using a spell?",conversational
"What was the government of the RSFSR called up to 1946?",conversational
"What was the first stored-program computer in the world?",conversational
"What are common injuries in wrestling?",conversational
"In what city does Patrick Modiano live?",conversational
"Guns N Roses released both Use Your Illusion albums in what year?",conversational
"when was the new fishing factory ready for use?",conversational
"When the third tiere was added on, what is it in form of? ",conversational
"What was the range of the impact of the new accounting rules on the Greek fiscal figures for the years 1990 to 1979?",conversational
"What is the number one cause of data theft?",conversational
"What was used in early photomechanical technology?",conversational
"When did CRA make rule changes to relax underwriting standards?",conversational
"In what neighborhood is Bicentennial Park not located?",conversational
"Which one section of the graduate exam did Feynman do well in?",conversational
"Where is the memorial chapel of the firemen of the RAF?",conversational
"What was retracted in the 2006 standards?",conversational
"What action did the three companies being sued take?",conversational
"What do annelids without septa have to use for circulation?",conversational
"When was Santa Monica's Bicycle sharing system launched?",conversational
"The red nucleus controls what part(s) of the body?",conversational
"Who avoided Tuva in Feynman's stead?",conversational
"When did Louis surround the city with considerable force?",conversational
"At what event did Sony announce What's New?",conversational
"What becomes insidgnificant when it reaches the surface of the moon?",conversational
"What is the Windows 8 price?",conversational
"How long did GamesRadar say it took Sony to turn the Internet against the PlayStation 3?",conversational
"Which forms retained the long bony tails of their ancestors?",conversational
"What process was repealed in 1967 after use in only one election?",conversational
"What year did Estonia fail at getting independence? ",conversational
"What rank did Montevideo hold in Latin America during 2013?",conversational
"What did Tsar Alexander I give to Chopin?",conversational
"What is C.W. Alcock responsible for eliminating?",conversational
"What percentage of north-eastern Italians have I2a1b1?",conversational
"What can Plainsong or Gregorian chant also be called?",conversational
"When was the construction of Wells Cathedral in England begun?",conversational
"How did Elizabeth's father die?",conversational
" Whom did Braque and Picasso not aim their works at?",conversational
"How many Grammy awards did \"Crazy in Love\" win?",conversational
"what does an isp do?",conversational
"What party in Yugoslavia did he join?",conversational
"What was the name of the Proclamation?",conversational
"What did Neollithic people have?",conversational
"When did King publicly praise the FBI?",conversational
"What do chickens always consume when in artificial environments?",conversational
"What year did the Crimean War end?",conversational
"What publication was the term New Labour never used?",conversational
"What does matter do in chemistry that it does not do in physics?",conversational
"Who was left on the island to recover when sick?",conversational
"Where is Mary depicted before her creation?",conversational
"In what republic did the szlachta lose their legal privileges. ",conversational
"When did President Reagan withdraw marines from Lebanon?",conversational
"In what year did Arsenal move to Holloway?",conversational
"What is being debated in Utrecht",conversational
"Who is upon the bed?",conversational
"What phrase that has come to be associated with a lack of faith was seen as an issue for Christians?",conversational
"What lichen is known to absorb a uranium concentration nearly 400 times higher than the amount in the environment?",conversational
"Who wrote the most about Virgil?",conversational
"How must a finite set of statements be described?",conversational
"In what areas of the world has interest in Whitehead's work spread in recent decades?",conversational
"When did Rome begin to use the Julian calendar?",conversational
"The New English Bible was composed at the abbey during what time?",conversational
"What have historical definitions of Jewish identity been based on?",conversational
"What is the Ganj-i-Sawai unknown for?",conversational
"How old must a citizen of the Marshall Islands be to vote?",conversational
"What type of machine is not used in manufacturing light bulbs?",conversational
"What concept investigates geometric elements that stay stable under group action?",conversational
"What did the govenor device engage to lock the elevator?",conversational
"What is the best absorbed dietary zinc compound?",conversational
"What films did Spielberg turn down in the 70s?",conversational
"How long ago has circumstantial evidence has been found for the existence of angiosperms?",conversational
"How did World War I directly impact Gaddafi's family?",conversational
"Who was recalled?",conversational
"Where does Boston rank nationally in terms of public transportation use?",conversational
"What was Apple originally funded by?",conversational
"What county is Charleston, South Carolina located in?",conversational
"How many buses visit the Port Authority Bus Terminal each day?",conversational
"When did the Venezuelans emmigrate to Mexico?",conversational
"\"Charlie's Angels\" featured which single from the band members?",conversational
"What section establishes recovery goals?",conversational
"When did Britain join the European Community?",conversational
"As of 2013, what accounts for about half of new nameplate electrical capacity",conversational
"What is long-distance running as a food hunting-gathering technique?",conversational
"What road does First use stops around to leave a terminal available for other buses?",conversational
"What does boiling sweet wort destroy?",conversational
" What doesn't limit excessive torque?",conversational
"What noble interest did city-dwellers start to mimic in this period?",conversational
"How are many databases accessed?",conversational
"What was one dynasty that provided a poor atmosphere for cultural development?",conversational
"Where was Polybius from?",conversational
"What is the largest city in the U.S. without formal zoning?",conversational
"Around when did the Annexation of Alsace occur?",conversational
"When will the sequel to Spectre being development?",conversational
"How many prize competitions did women win out of the 2300 in France?",conversational
"In Faroese, preaspirated stops contrast with what?",conversational
"What Ostrogothic leader led his people into Italy?",conversational
"Members of what ideology were more heavily elected to the union Congress of People's Deputies?",conversational
"What did English Dominican mystics not experience?",conversational
"St. Barts was formerly a part of what French commune?",conversational
"What made Anglicanism into a more distinct tradition?",conversational
"Where do the Plymouth Raiders play their home games?",conversational
"Who was Detroit's first black mayor?",conversational
"How many votes were there in total on the Everton fan site about the new crest?",conversational
"What type of dipoles which add to the dielectric constant cannot move instantly if a rapidly changing time varying voltage is driving the capacitor?",conversational
"How were the Canadian Forces upgraded in 2008?",conversational
"In the case of an electromagnetic wave these are called quanta of light or protons",conversational
"What did returning black veterans not receive?",conversational
"What religion were most Prussian Lithuanians?",conversational
"Which dialect did writers and linguists of both Serbian and Croatian backgrounds wish to use as their common standard language?",conversational
"What type of ceilings became rare?",conversational
"What animals are more sensitive to reduction in habitat area?",conversational
"How long do members serve in the legislature?",conversational
"When did Boston stop being known for it's garment production and leather goods?",conversational
"According to Avicenna, what could eventually be actualized by an external cause?",conversational
"How many times less abundant than silver is uranium in the Earth's crust?",conversational
"What event led to the return of Estonians back home?",conversational
"Albania was a name for what during Roman Times? ",conversational
"Who was not a major trading partner of Kievan Rus?",conversational
"What percentage of Apples revenue in 1Q08 came from iPods, more than doubling the percentage of notebook sales?",conversational
"How many New Yorkers are of Polish ancestry?",conversational
"What is the size requirement for entry into the AG2R Race?",conversational
"What party did the D.C. Statehood Party merge when?",conversational
"In which year was the London Centre for Nanotechnology established?",conversational
"What Director does the FBI report to?",conversational
"How many teams participate in the Notre Dame Bookstore Basketball tournament?",conversational
"Man in Space Soonest was a program by which organization?",conversational
"Two-fifths of the state's territory was divided between how many families?",conversational
"What was the PLDA formerly known as?",conversational
"Which type of guna is concened with passion and activity?",conversational
"What kind of sea anemone has special mucus to protect the clownfish?",conversational
"Where did the tribes that were almost annihilated in the Battle of Vercellae hail from?",conversational
"What discipline makes use of ethnography?",conversational
"Who did America support during the Chinese Civil War?",conversational
"Where did Benjamin Franklin believe the charge was released in Leyden jars?",conversational
"What was the first year the Oval hosted the FA cup? ",conversational
"Which technique did the Impressionists use to not make their subjects simple forms?",conversational
"How many troops did the Turks send to Gyumri?",conversational
"How many times was Seoul captured in a year?",conversational
"What is not an observable entity? ",conversational
"Which version of North American football has smaller end zones?",conversational
"What kind of movement interfaced with the sword in Nintendo?",conversational
"What all-in-one product was created in 1998 through Apple's consolidations?",conversational
"Why does land availability have an effect on solar energy?",conversational
"What religions were discourages so their places of worship were closed?",conversational
"Who did Bob Ewell attack during the story?",conversational
"After Melbourne, which were the next two fastest growing Australian cities in 2009?",conversational
"On what developments was FLNG technology based?",conversational
"Under the development of fragile software and extreme programming what is written first?",conversational
"How many people live in Iran?",conversational
"What kind of experiments can be used when understanding philosophy?",conversational
"During what time did Cardinal Eugenio Pacelli die?",conversational
"What was a major objective of Britain in joining the Austro-Russian alliance?",conversational
"At what address in London did J.H. Thomas live?",conversational
"When did the Roman Republic begin?",conversational
"Who wrote several decades after Gray's criticism?",conversational
"Who had the fewest number of troops in Korea?",conversational
"What did Darwin say could happen somewhere if there is a change in conditions?",conversational
"What is a metal that copper is combined with to create a greater hardness?",conversational
"What has produced a great deal of controversy?",conversational
"What company did James E. Casey found in 1907 with a borrowed $100?",conversational
"What is a \"C-note\" a reference to?",conversational
"What did Newton's Nataural philosophy replace?",conversational
"Who is essentially considered the commander in chief of the Prussian army?",conversational
"The name of Ashkenazi derives from which biblical figure?",conversational
"Who calls ruling elders?",conversational
"When was the patent case Davoll et al. v. Brown ruled on?",conversational
"What is another name for Tamiami Trail?",conversational
"How far away was the doctor from the rural area in Ohio?",conversational
"What did white males feel was happening to them as a result of affirmative action?",conversational
"Where are the most famed Carnival festivities?",conversational
"What place did Chasetown come in?",conversational
"Food aid can also be indirectly diverted from its intended recipients through the manipulation of what?",conversational
"What does NARTH state is wrong with the mainstream mental healths stand on conversion therapy?",conversational
"What year did Estonia establish a flat tax?",conversational
" Who made the instruments used by the Italian group?",conversational
"Who invaded Poland before the Nazi\u2019s?",conversational
"How are allopatric populations separated? ",conversational
"Aristotle thought what would fill any rarity that might give rise to a void?",conversational
"What kind of landings cause gymnasts to lose points?",conversational
"The top of the Inn Valley consists of what?",conversational
"What did Hitchens think Burke supported preserving?",conversational
"During what century did Florentine Tuscan begin to be used in poetry?",conversational
"What is the estimate variation of the present global macroscopic species diversity?",conversational
"Who hit a three run walk off homer off of closer Tom \"Flash\" Gordon?",conversational
"The BeiDou Navigation Satellite System consists of 3 separate what? ",conversational
"What are few multicellular organisms colonized to some degree by?",conversational
"How many poems did Augustus commission from Virgil?",conversational
"How many nations do the twenty-five foreign banks represent?",conversational
"Bohr introduced what value as the quantum of angular momentum?",conversational
"What type of structure do woven reinforcements have that cause them to have variation in their electrical parameters?",conversational
"What is the name of earliest man made pillar?",conversational
"When did regular broadcasts start in Europe?",conversational
"Under whose reign did Nabatean culture begin to show Greek influence?",conversational
"In what year did Kane Kramer apply for his patent?",conversational
"What do some people want to do with the people of Tuvalu?",conversational
"How many thumbs down votes did youtube's official statement about the new commenting system get within two days?",conversational
"What was Plymouth's 2013 GVA in millions of British Pounds?",conversational
"What is the system called that allows local residents to rent bicycles?",conversational
"Who invaded China?",conversational
"What number president of Egypt was Nasser?",conversational
"When were boxes with \"functional\" FireWire no longer included in the FCC mandate?",conversational
"What does SECARMY stand for?",conversational
"In the 2000's, what was the concern perceived toward immigrants by institutions?",conversational
"Which artist made Bobby Troup's song famous?",conversational
"Where does Miami fall among the least populous urban areas in the United States?",conversational
"When was Diego Maradona signed by Barcelona?",conversational
"What type of doors were not used?",conversational
"What aircraft was released by terrorists?",conversational
"Where is the US Army Intelligence Center?",conversational
"What are some of the things included in these recordings?",conversational
"Along with behavioral inhibition, research on what trait resulted in support for the Action Tendency Model?",conversational
"What components does he believe shoud be used in studies?",conversational
"What was the offering for the Emperor in Pompeii?",conversational
"What is a never used corollary of the first law?",conversational
"In 2007 the University of the Republic had a student body of how many people?",conversational
" When was the original Grecian constitution not formed?",conversational
"In breweries, what do you call a small vat that is filled with hops?",conversational
"What is made of a set configuration of data?",conversational
"Who created ACE?",conversational
" What seasons are Uranus currently entering?",conversational
"What excuse did the judges have for the trial despite the fact that the patents had expired?",conversational
"What is the result of tectonic movements within the Dead Sea Transform?",conversational
"Roman's adoption of what religion would greatly influence the German society? ",conversational
"Which two philosophers contrasted \"culture\" with the state of nature?",conversational
"When did John leave for Poitou?",conversational
"What was the date of the final ruling?",conversational
"What is the impossible structure of zinc?",conversational
"Who is the three headed watchdog guarding Hades?",conversational
"What theme is forbidden in the new east wing?",conversational
"Who used inhumane methods against oponents through the UBDA?",conversational
"What nonstandard feature does Southern Russian use?",conversational
"Who captured Samaria?",conversational
"Who extended the offer to the activists ?",conversational
"What was lead by Olaf Frederick Nelson on December 28, 1929?",conversational
"Who was president of the Miners' union?",conversational
"The United States has frequent droughts and widespread what?",conversational
"What does not have electric current running through a wire filament?",conversational
"Which pope was responsible for the dogmatization of the Immaculate Conception?",conversational
"What was the name of the act that allowed for broader interpretations in the 20th century?",conversational
"Lingayen Gulf operations supported what landings?",conversational
"In what year did Emperor Wu begin a series of attacks in Xiongnu territories?",conversational
"What was played at Chopin's graveside?",conversational
"What causes a glaciers stop moving?",conversational
"What does bronchial thermoplasty consist of?",conversational
"What is not infrared or ultraviolet?",conversational
"What caused the revolution against the Qing dynasty?",conversational
"When did Balfour leave the offeice of Chancellor of the Exchequer to become Prime Minisater?",conversational
"What did the bill Gladstone failed to pass state, much to Queen Victoria's pleasure? ",conversational
"What Dell service offers remote desktop management?",conversational
"What toxins did absinthe contain?",conversational
"Who led Nimrod Expedition to Antarctica? ",conversational
"Inside of what can the molecular circadian clock operate?",conversational
"Before the Renaissance where did Jesuits usually place their art?",conversational
"Were young apprentices hired for pay?",conversational
"Who was speculated to have wrote the book instead of Harper Lee?",conversational
"What places a greater emphasis on the acrobatic rather than the aesthetic?",conversational
"In what month is the MLB All-Star Game held?",conversational
"Turkish Cypriots were prevented from doing what?",conversational
"What type of economy has rule of law help China and Vietnam move towards?",conversational
"When did war with France break out?",conversational
"When did King Richard I begin his reign?",conversational
"When did the FAA start to regulate low altitude kite and balloon flying?",conversational
"What do restaurants do to keep prices low?",conversational
"Who was the king during the last dynasty o Kish?",conversational
"Where did Scott Butera work prior to becoming AFL commissioner?",conversational
"What did Napoleon name the war with Russia in an effort to garner support from Poland?",conversational
"How does youtube now operate as a business?",conversational
"What does AHRA stand for?",conversational
"When did larger sheets make a big comeback?",conversational
"What Greek philosophers had idealistic views?",conversational
"How many demons will Satan be leading?",conversational
"Why did some accuse Ibn Sina of burning down the royal church?",conversational
"Who developed a electric five-string mandolin?",conversational
"In what book did Hayy ibn Yaqdhan foreshadow the idea of modern materialism? ",conversational
"What research uses liquid H2?",conversational
"Which area in Alaska is the nation's third highest-yielding oil field?",conversational
"What is the earliest sighting of Chopin in Polish Literature?",conversational
"What percentage of men are estimated to have undergone male genital mutilation?",conversational
"When did Sassou announce that his government would not change the 2002 constitution?",conversational
"Who did Spain displace as the dominant European imperial power?",conversational
"In Army XXI, how many are active in periodic army training?",conversational
"Who did Spielberg begin dating in 1976?",conversational
"Who won the 2009 award for Media of the Year?",conversational
"What does the fluid in Uranus have a high conductivity of?",conversational
"What term was used in early times to judge a state's political capacity?",conversational
"What was Hirsch's approach called?",conversational
"What is the name of the character Microsoft used to make Windows 8 seem more personable?",conversational
"What does RBG stand for?",conversational
"What was the strongest storm to make landfall in North Carolina?",conversational
"In what year did New Jersey voters pass a referendum approving casino gambling for Atlantic City?",conversational
"What was a common background of post-punk musicians?",conversational
"During  the 1960's & 70's, Ann Arbor gained a reputation for what?",conversational
"What feature does the rockhopper penguin have around its eyes?",conversational
"The terms GMT and Greenwich Mean Time are also used informally to refer to what?",conversational
"What is the method in which videos can average a color similar to?",conversational
"what does null hypothesis test against?",conversational
"The Qajars defeated the Russians at what battle to take over Tblisi?",conversational
"Who did benevolent believers in humanism turn to for ideas about the philosophy?",conversational
"What file system do most removable devices use?",conversational
"How many guns were taken from the Earl of Mornington?",conversational
"St. Johns is in the northeast of what province?",conversational
"Who was given the task of creating a dictionary in the Novi Sad Agreement?",conversational
"What percentage of biodiversity has the planet lost since 1970",conversational
"In what year was New Haven's Lighthouse Point carousel constructed? ",conversational
"What is the exception to this common characteristic?",conversational
"What do most universities teaching liberal arts have? ",conversational
"What is the most common group of languages spoken in Mediterranean Europe?",conversational
"What did some tribes achieve by domesticating horses?",conversational
"What is the primary trigger for immunological changes in teens?",conversational
"Which ocean ranged the majority of the northern hemisphere in the Silurian period?",conversational
"In the winter of 1947, the National Museum started with a display of Indian art in what location?",conversational
"What paradox states that if a god can't create a stone so heavy he can't lift it?",conversational
"Craig underwent major surgery in what city?",conversational
"What is High Education?",conversational
"Between what species do usually transduction, conjugation and transformation take place?",conversational
"As of May 2011, what was Robert Patton's job title?",conversational
"What was the name of the tower that was the western boundary?",conversational
"what was the nickname of juan atkins, derrick may, and devin saunderson?",conversational
"Who offers poetry or literature courses for training Hokkien-fluent talents?",conversational
"Traffic patterns are usually flown at what altitude above ground level?",conversational
"For how long have Thuringian children been using the current education system?",conversational
"How many recordings did Kind Oliver's Creole Jazz band require?",conversational
"What percent of the Bronx is Hispanic and Latino Americans?",conversational
"Who has the first lab completely dedicated to psychology?",conversational
"After which individual was the LaFortune Center Notre Dame named?",conversational
"Countries might change their DST policy by enactments, adjustments, and what other type of policy changes?",conversational
"What deep-fried insect is part of the normal diet in some cultures?",conversational
"Who suggested that Jesus was the son of a Roman soldier?",conversational
"Where did Baptist missionaries not take a role in the anti-slavery movement?",conversational
"What system was in place to raise and educate Victoria; while also rendering her weak and dependent?",conversational
"Whose teachings did Jan Hus not base his own on?",conversational
"How many republics were in the USSR?",conversational
"What area of Mali did conflict arise in January of 2012?",conversational
"Which hormones are produces when a animal is happy?",conversational
"In the loanword sharing between Dutch and English, which language got the higher percentage of loanwords?",conversational
"On what date did the decisive Capture of Kufra occur?",conversational
"Since the 1960's what power was briefly equal in parity with the US?",conversational
"What is the range for the length of fields for non international matches in meters?",conversational
"What book was written by John the Baptist?",conversational
"In what product are glass fibers used to hold dead air?",conversational
"Which provinces field teams in the Quebec Junior Football League?",conversational
"Which military section could have a full military structure?",conversational
"What trade name was epinephrine marketed under?",conversational
"What is the Charles de Gaulle the flagship of?",conversational
"Who sells the newspaper Real Change on the street?",conversational
"Which services do most African Presbyterian churches refuse to offer?",conversational
"U.S. Highway 78 merges with what street?",conversational
"When was the Democratic Republic of Congo excluded from the Kimberly process?",conversational
" What is the smallest bay of Zhejiang?",conversational
"What questions came to occupy a central place in cultural and social anthropology?",conversational
"What happens to the umber of new resistance?",conversational
"Where is Midtown Raleigh?",conversational
"Who was one of Tom Hiddleston's classmates at Eton?",conversational
"Melbourne consists of how many municipalities?",conversational
"Who does Christian note disparities among?",conversational
"How large was the biggest find of copper?",conversational
"How many people saw the movie, \"The Cyborg Foundation\", at the 2013 Sundance Film Festival?",conversational
"What is traded on the black market in Delaware?",conversational
"Who was the only pope who took part in quiet hunting?",conversational
"What year did Dell's enterprise revenue make up a large chunk of its profit?",conversational
"In what geographic region of Lancashire does Blackpool lay?",conversational
"Poland was affected by trade connections with what League?",conversational
"What is the main component that makes up dietary fiber?",conversational
"Why did JFK send a letter to Pope John Paul II?",conversational
"What culture's cuisine is ploughman's lunch a part of?",conversational
"What percentage of Charleston's population were free people of color?",conversational
"What rediscovered inheritance was thought to invalidate Darwin's views on evolution?",conversational
"The philosophical meaning of suffering is close what term?",conversational
"What literature had a heavy emphasis on philosophy with very detailed court records?",conversational
"How do prokaryotes store their genomes?",conversational
"What university is the largest of the continent?",conversational
"What was Gorbachev trying to separate?",conversational
"The cello, contrabrass and fortepiano were new instruments during what period?",conversational
"What year was Americas Victory at King's Mountain?",conversational
"Give three examples of target organisms of pesticides.",conversational
"How many points are represented inside of BMP?",conversational
" What is Pabon's ranking?",conversational
"Besides Namibia what is one other country that is a member of the Commonwealth of Nations?",conversational
"How many educators volunteer at the KU School of Business?",conversational
"How tall was Queen Victoria? ",conversational
"What did the Supreme Court rule the Constitution allowed for?",conversational
"What is one trait James Madison mentions the United Provinces show?",conversational
"Men's arousal patterns were found to be with?",conversational
"What was the first manufactured fiber?",conversational
"What law paralleled the legal development of Europe and Latin America?",conversational
"When did the 360 surrender its lead in total sales?",conversational
"What song inspired Freddie from Queen's surname?",conversational
"What is another thing launching the first COMPASS satellite enable researchers to do?",conversational
"In what stage is youth overwhelmed by feelings of inner turmoil regarding their sexual orientation?",conversational
"In what month and year did Gaddafi begin Third International Theory?",conversational
"What programs do ISPs use to eavesdrop on the FBI?",conversational
"In which direction were the dead facing when they were   buried?",conversational
"Who was the executive producer of Pop Idol?",conversational
"What is the function of a \"beer engine\"?",conversational
"What CIA agent was killed during the attacks on the World Trade Center?",conversational
"What paparazzi member did Kanye attack at LAX in 2013?",conversational
"Who promoted settlement in Montana in the early 1900s",conversational
"What course did Ezra Stiles require seniors to take?",conversational
"Where was the Calouste Gulbenkian Foundation established?",conversational
"How many hispanics live in the City of Boston?",conversational
"What was the SNES called in Japan?",conversational
"What type of effect do floral hops have?",conversational
"Insects have developed what kind of active capability?",conversational
"What are bare-board tests looking for besides \"opens\"?",conversational
"Which Russian was involved in naming the Marshall Islands?",conversational
"What type of framework was Divan poetry based on?",conversational
"In what year did Jaun de Bermudez first reach Bermuda?",conversational
"What treatment helped prevent the loss of the King's right leg?",conversational
"The primary sources of income in Tajikistan are aluminum production, cow growing, and what?",conversational
"Who was the only grandchild of George iii until 1871?",conversational
"How much did it cost for CBS Records to acquire SCA?",conversational
"What modern districts of Estonia and Latvia were annexed by the RSFSR in 1944?",conversational
" What is the population of the North Carolina?",conversational
"In what year did the Battle of Auerstadt take place?",conversational
"What clubs have missed the competition? ",conversational
"Who believe that Imamah is of the Principles of Faith?",conversational
"In what year was the name \"Paul\" last used as a pontifical name before Pope Paul VI became Pope?",conversational
"Is there a test to diagnose Spirometry?",conversational
"What was the new name of this Live video store?",conversational
"What did Gaddafi insist that the coup be referred to as?",conversational
"In what year did Under the Dome premiere?",conversational
"What suffix indicates a river name?",conversational
"Which article was used to avoid a provision for new delimitation of territory?",conversational
"How many air force wings are located across Canada?",conversational
"Who has spoke for all Freemasons?",conversational
"How tall is Mount Olympus?",conversational
"How many insititutions comprise the Association of American Universities' membership?",conversational
"What cultivation was gradually adopted by Muslims>",conversational
"What did Cyril and Mehodius come up with to help with the issue of the Slaves not having a written language?",conversational
"During which years did the Synod have power to enact measures?",conversational
"Grammar schools that closed were converted to what?",conversational
"When was this deal finalized?",conversational
"What influenced Greek modern song considerably?",conversational
"What system did Woolf J. Clifford criticize? ",conversational
"What established the European balance of power in 1815?",conversational
"The laws of cause and effect can also be called?",conversational
"Who was the runner up on the third season of American Idol?",conversational
"What is Germany's position on wether or not Greece should be in the eurozone?",conversational
"Who came up with the Renew Boston Whole Building Incentive?",conversational
"How did Goring expect to regain prestige?",conversational
"What is a chapter of the Quran called?",conversational
"What three departments surrounding Paris had densities greater than 10k/k?",conversational
"What university restricted the right of of scholars to travel?",conversational
"What right was reversed by sijm?",conversational
"According to monotheism, what does God consist of?",conversational
"When was the British East Company given the right to collect revenue?",conversational
"Which group was responsible for the deaths of the Boston martyrs?",conversational
"What empire influenced ndian Hinduism?",conversational
"On what day did the Kanye's famous George W. Bush criticism take place?",conversational
"What 2010 body found how easy it is to accurately report the financial impact of infringement?",conversational
"What is Tucson's bus system called?",conversational
"What are some of the every day tasks that a manager of a team has to deal with?",conversational
"What stopped Congo from benefiting from the postwar expansion of colonial administrative and infrastructure spending?",conversational
"Which company was operating five plants around the US?",conversational
"The method of coating NUVs less efficient than what other LEDs?",conversational
"How long do passage migrants stop and feed before resuming migration?",conversational
"Which party did most former slaves join when they were given the right to vote after the Civil War?",conversational
"Why is  there still Bilingual  spoken in these states?",conversational
"How much of Nigeria's population in 2009 was rural?",conversational
"How old did William Tubman live to be?",conversational
"Communications in Somalia are mostly concentrated in what sector?",conversational
"The Ogaden was given to Ethiopia on the basis of a treaty signed by the British with what Ethiopian leader?",conversational
" How many foreign companies relocated to Texas?",conversational
"What is the rate of intermarriage among orthodox Jews?",conversational
"What was Tom Nettles a professor of?",conversational
"How many different species of plant life are known to grow in London?",conversational
"Who is the head of NARA?",conversational
"What was studied in 1970?",conversational
"How many species of Chloranthaceae are eudicots?",conversational
